category_id,category,records,x,reddit,stackoverflow,problem,arrow_default,enforced_by,onboarding_can_change,default_criticality,in_scaffold_today,record_ids
C01,Context overload in big files,8,1,7,0,"Files and projects grow past what an agent can hold; it slows down, loses the thread and starts inventing.","Source files target 300 lines, hard cap 500. A file already over the cap may not grow. Splitting a big file is its own packet with behaviour-preserving checks.",deterministic line count on changed files at verification,"company limit (e.g. a max-lines lint rule), exempt paths (generated, migrations, fixtures), ratchet when the repo is already over",normal,built,X-0011 R-0002 R-0005 R-0006 R-0007 R-0008 R-0009 R-0068
C02,Memory loss across sessions,19,3,16,0,Compaction and long sessions drop decisions and fixes; people re-explain; recalled memory is noisy or wrong.,"No long-lived agent sessions. Truth lives in the event log and a structured decisions store, written when the decision is made. Every agent starts from a packet, not a chat history.",event log + typed knowledge entries (fact / decision / constraint) looked up by id,import the company's existing decision records (ADRs) as decisions,normal,built,X-0009 X-0010 X-0035 R-0015 R-0038 R-0043 R-0083 R-0085 R-0100 R-0101 R-0107 R-0108 R-0109 R-0110 R-0111 R-0113 R-0114 R-0115 R-0116
C03,Invented code and out-of-date APIs,41,2,7,32,"Agents invent symbols and logic, and write against library versions other than the installed one (the Stack Overflow rows show how often APIs change between versions).",Installed versions beat memory: onboarding records exact versions of the runtime and key libraries; workers read the installed package/type definitions before using an API; typecheck and build are part of every packet's proof.,orchestrator re-runs typecheck/build/tests; version table in the profile,"company pins, internal libraries and their docs",normal,built,X-0030 X-0031 R-0010 R-0032 R-0033 R-0048 R-0064 R-0071 R-0103 SO-71706064 SO-75956209 SO-72401421 SO-71668256 SO-77364550 SO-72634225 SO-77213053 SO-71788254 SO-72238175 SO-74471642 SO-74421327 SO-72191560 SO-77454741 SO-74965849 SO-76996326 SO-72381114 SO-70722475 SO-71707325 SO-71082494 SO-77900971 SO-73929564 SO-77969964 SO-74878889 SO-76090979 SO-77254777 SO-77444332 SO-75309237 SO-71133749 SO-75122899 SO-75774873 SO-70656495 SO-76875569
C04,"Fake ""done"" and silent failure",13,5,8,0,"Agents claim tests pass, report success on empty output, write tests that test nothing, or leave TODO placeholders.",Done means Arrow re-ran the checks and they passed. A new check must fail on the base code first. Added lines may not contain placeholders (TODO / FIXME / not implemented). Existing tests may not lose assertions.,verify.ts re-run + tamper guard (built); red-first and placeholder scan (to build),a company TODO format with a ticket id is allowed,critical,built,X-0004 X-0005 X-0024 X-0033 X-0034 R-0014 R-0066 R-0067 R-0076 R-0079 R-0080 R-0082 R-0091
C05,Repair loops that don't converge,19,1,18,0,Each fix attempt makes it worse; regressions get chased; the same advice repeats; rollback is hard.,"One retry with the failure report, one architect re-aim of the packet, then a person. Every attempt is a commit, so rollback is one reset. A fresh worker each time instead of a thrashing chat.","loop manager budgets per failure class (decide.ts, config.ts)",budgets per company or per repo,normal,built,X-0014 R-0004 R-0012 R-0013 R-0028 R-0029 R-0030 R-0034 R-0040 R-0041 R-0042 R-0045 R-0046 R-0051 R-0052 R-0053 R-0069 R-0070 R-0093
C06,Collateral damage,7,2,5,0,"Agents rewrite working code, remove dependencies, break unrelated behaviour, damage the environment, delete a database during a freeze.",A packet may change only its listed files. Critical rules protect paths. Each worker has its own worktree; nothing is pushed. No production credentials by default; destructive commands are refused; a code freeze stops all workers.,scope + protected-path checks (built); command guard and freeze flag (to build),"the company's protected paths, environments and freeze windows",critical,built,X-0029 X-0032 R-0036 R-0039 R-0047 R-0049 R-0050
C07,Drift from the company's conventions,9,1,8,0,"Generated code ignores the project's naming, structure, typing and error handling, overengineers, and pulls in obscure libraries.",Onboarding turns the repo's conventions into rules. The architect runs the sizing ladder (reuse before build). A new dependency needs approval at the plan check. The repo's lint and format commands join every packet's proof.,onboarder output + plan check + verification commands,this is the category onboarding exists for: the company's rules replace Arrow's defaults,normal,built,X-0001 R-0001 R-0016 R-0017 R-0018 R-0019 R-0023 R-0026 R-0027
C08,"Documentation sprawl (from our own run, not the dataset)",0,0,0,0,Agents and subagents write a markdown file per step until nobody can find anything.,"Workers may not add .md files. What an agent learns goes into the event log and the decisions store, not new files.",deterministic check on added files at verification,"allowed doc paths the company requires (e.g. docs/adr/**, CHANGELOG.md, README updates)",normal,built,
C09,Parallel agents collide,5,3,2,0,"Parallel agent sessions have no shared view: they duplicate work, contradict each other, fight over files and ports, and leave processes behind.","One shared ledger that only the orchestrator writes, rebuilt every few seconds from what actually runs: live agents, worktrees, which files each packet may change, and which processes hold which local ports. No agent edits it. Each worker is told who runs beside it and gets its own port range. Anything a finished agent left behind (processes, worktrees) is reaped.","ledger.ts (built from the event log + ps/lsof/git worktree), ledger-scan.ts (reaping), per-worker port ranges and a ledger brief in every worker prompt",the company's dev port range,normal,built,X-0012 X-0013 X-0019 R-0084 R-0089
C10,Wrong thing built,4,0,4,0,"Code that runs but misses the intent, or behaves differently for the same input.","A project manager writes the spec with acceptance in the person's own terms and asks only what it can't decide, with a real example. The architect cites the design doc in the packet.",PM spec + questions (built),the company's definition of done,normal,built,R-0022 R-0031 R-0044 R-0090
C11,Environment and setup failures,85,2,5,78,"Installs, toolchains, platforms, certificates and credentials break before any code is written; setup costs erase the time saved.","Onboarding detects the toolchain (runtime versions, package manager, lockfile) and a plain install command for a fresh worktree (node_modules in the worktree, a venv for Python — no Docker), lists required environment variables by name, and treats a failed install as an environment problem for a person, never as a code failure to retry.",profile commands (built); version and env-var check (to build); failure classes (built),the company's install command and pinned runtime versions,normal,built,X-0025 X-0036 R-0011 R-0037 R-0073 R-0075 R-0077 SO-75608323 SO-75830783 SO-75263047 SO-72978485 SO-75574268 SO-76590131 SO-71591971 SO-73509984 SO-75337953 SO-72494154 SO-72441758 SO-71378839 SO-73285601 SO-75980685 SO-73830524 SO-72224454 SO-70709987 SO-76187256 SO-71844271 SO-74634321 SO-76435306 SO-72146352 SO-71040681 SO-76108428 SO-72289521 SO-72921215 SO-73958968 SO-75480173 SO-70857476 SO-72013449 SO-72117858 SO-72133316 SO-71791347 SO-71713405 SO-71320584 SO-72335789 SO-70890575 SO-70963985 SO-72596908 SO-72866798 SO-79817033 SO-70663523 SO-72695311 SO-75146087 SO-74804296 SO-71940179 SO-74110708 SO-71080354 SO-70577085 SO-74131595 SO-71712258 SO-76899023 SO-71941020 SO-71688125 SO-72540359 SO-72152446 SO-73045616 SO-71939532 SO-71538752 SO-73969269 SO-71873182 SO-75396481 SO-72711770 SO-71239450 SO-76327419 SO-71058888 SO-73214844 SO-77557159 SO-73206939 SO-75495403 SO-77462578 SO-78539678 SO-79129883 SO-76220715 SO-71374815 SO-78938322 SO-70757210 SO-71539122
C12,Review load and ownership,15,2,13,0,Review can't keep up; people can't own code they don't understand; subtle mismatches slip through.,"Small packets with a budget on diff size; plain-language spec and plan; proof shown before the diff; one branch per task, never pushed.",plan check and packet size (built); diff budget (to build),the company's review policy,normal,built,X-0003 X-0007 R-0003 R-0020 R-0021 R-0025 R-0035 R-0055 R-0056 R-0058 R-0060 R-0061 R-0062 R-0063 R-0065
C13,Trust in what agents are given,9,7,2,0,Shared skills are unvetted or stale; memory can keep hostile instructions; agents hold keys; AI audits miss real bugs and flag false ones.,"No third-party skills by default; prompts are versioned in the repo; untrusted content (issues, web pages) is data, never instructions; workers get only the secrets their packet names; added lines are scanned for secrets; security claims need a person.",prompt contract (built); env allow-list and secret scan (to build),the company's approved tools and MCP servers,critical,built,X-0018 X-0020 X-0021 X-0023 X-0037 X-0038 X-0039 R-0074 R-0112
C14,Agent orchestration reliability,17,0,17,0,"Agents skip or misorder tool calls, pass wrong arguments, don't wait for async work, repeat actions, and fail without a trace.","Code routes, not the model: decide.ts picks every next step; every agent result is validated against a schema; every failure has a class and a bounded path; every step has an idempotent subject; the event log plus transcripts is the trace.","decide.ts, schemas.ts, failures.ts, event log (built)",nothing to change — this is how Arrow itself runs,critical,built,R-0072 R-0078 R-0081 R-0086 R-0087 R-0088 R-0092 R-0094 R-0095 R-0096 R-0097 R-0098 R-0099 R-0102 R-0104 R-0105 R-0106
OOS-BIZ,Out of scope: business and support automation,28,6,22,0,"Customer-support bots, sales/marketing agents, tone of voice.",,,,,,X-0006 X-0008 X-0015 X-0026 X-0027 X-0028 R-0117 R-0118 R-0119 R-0120 R-0121 R-0122 R-0123 R-0124 R-0125 R-0126 R-0127 R-0128 R-0129 R-0130 R-0131 R-0132 R-0133 R-0134 R-0135 R-0136 R-0137 R-0138
OOS-GENERAL,Out of scope: general programming questions,30,0,0,30,"Language semantics, performance curiosities, app-store policy, git how-to.",,,,,,SO-78163859 SO-71768999 SO-73129574 SO-71473553 SO-71199143 SO-70564950 SO-74297001 SO-72768245 SO-74327225 SO-77302452 SO-71954271 SO-72177535 SO-73772996 SO-73095254 SO-74102654 SO-71951105 SO-73608378 SO-74711107 SO-73877384 SO-76261546 SO-71039947 SO-74798626 SO-79119461 SO-75740652 SO-70821501 SO-73399168 SO-71874222 SO-75947475 SO-72084303 SO-72980204
OOS-HUMAN,Out of scope: people and organisations,4,0,4,0,"Skill atrophy, management mandates, study results.",,,,,,R-0024 R-0054 R-0057 R-0059
